a1,turbine_rating,blade_length,tower_height,built_duration,metocean,water_depth,nac_weight,blade_weight
232.0,1400.0,42.0,126.0,36.0,1.0,1.0,120.0,
225.0,1250.0,38.5,115.5,36.0,0.0,0.0,30.0,
150.0,1700.0,27.600000000000005,82.80000000000003,31.33333333333333,1.0,2.0,,
140.0,1140.0,30.0,90.0,37.0,0.0,0.0,51.0,
